MobileID,Brand,MobileURL,MobileName,Price,ImageURL
B077Q7GW9V,Redmi,https://www.amazon.in/Test-Exclusive-550/dp/B077Q7GW9V/ref=sr_1_5?dchild=1&fst=as%3Aoff&qid=1605501934&refinements=p_89%3ARedmi&rnid=1389432031&s=electronics&sr=1-5,Redmi Note 9 Pro,13999,https://m.media-amazon.com/images/I/81pzsRpE5GL._AC_UY218_.jpg
B086982VLG,Redmi,https://www.amazon.in/Redmi-Prime-Matte-Black-Storage/dp/B086982VLG/ref=sr_1_6?dchild=1&fst=as%3Aoff&qid=1605501934&refinements=p_89%3ARedmi&rnid=1389432031&s=electronics&sr=1-6,Redmi 9 Prime ,9999,https://m.media-amazon.com/images/I/711+lAQXogL._AC_UY218_.jpg
B077PWJ8RS,Redmi,https://www.amazon.in/Test-Exclusive-557/dp/B077PWJ8RS/ref=sr_1_8?dchild=1&fst=as%3Aoff&qid=1605501934&refinements=p_89%3ARedmi&rnid=1389432031&s=electronics&sr=1-8,Redmi Note 9 Pro Max ,15999,https://m.media-amazon.com/images/I/81u6E5niDiL._AC_UY218_.jpg
B08696W3B3,Redmi,https://www.amazon.in/Redmi-Sporty-Orange-64GB-Storage/dp/B08696W3B3/ref=sr_1_9?dchild=1&fst=as%3Aoff&qid=1605501934&refinements=p_89%3ARedmi&rnid=1389432031&s=electronics&sr=1-9,Redmi 9 ,8999,https://m.media-amazon.com/images/I/81aWatlQCvL._AC_UY218_.jpg
B07X1KSLC3,Redmi,https://www.amazon.in/Redmi-8A-Dual-Midnight-Storage/dp/B07X1KSLC3/ref=sr_1_13?dchild=1&fst=as%3Aoff&qid=1605501934&refinements=p_89%3ARedmi&rnid=1389432031&s=electronics&sr=1-13,Redmi 8A Dual ,6999,https://m.media-amazon.com/images/I/71h+C9wJCjL._AC_UY218_.jpg
B07X1KT6LD,Redmi,https://www.amazon.in/Redmi-Note-Neptune-Blue-Storage/dp/B07X1KT6LD/ref=sr_1_25?dchild=1&fst=as%3Aoff&qid=1605504529&refinements=p_89%3ARedmi&rnid=1389432031&s=electronics&sr=1-25,Redmi Note 8 ,11499,https://m.media-amazon.com/images/I/61Z-7BVaFUL._AC_UY218_.jpg
B077PW9V3J,Redmi,https://www.amazon.in/Redmi-6A-Black-2GBRAM-Storage/dp/B077PW9V3J/ref=sr_1_41?dchild=1&fst=as%3Aoff&qid=1605504529&refinements=p_89%3ARedmi&rnid=1389432031&s=electronics&sr=1-41,Mi Redmi 6A ,6999,https://m.media-amazon.com/images/I/718oiyc2qlL._AC_UY218_.jpg
B08JC5WRHT,Redmi,https://www.amazon.in/Redmi-9i-Blue-64GB-Storage/dp/B08JC5WRHT/ref=sr_1_44?dchild=1&fst=as%3Aoff&qid=1605504529&refinements=p_89%3ARedmi&rnid=1389432031&s=electronics&sr=1-44,Redmi 9i ,10800,https://m.media-amazon.com/images/I/71Uoc4LFkiL._AC_UY218_.jpg
B08KTKZ9VT,Redmi,https://www.amazon.in/Poco-Matte-Black-RAM-Storage/dp/B08KTKZ9VT/ref=sr_1_51?dchild=1&fst=as%3Aoff&qid=1605504529&refinements=p_89%3ARedmi&rnid=1389432031&s=electronics&sr=1-51,Poco C3 ,6915,https://m.media-amazon.com/images/I/71a3eVdzWHL._AC_UY218_.jpg
B077Q44DKY,Redmi,https://www.amazon.in/Redmi-Gold-4GB-64GB-Storage/dp/B077Q44DKY/ref=sr_1_52?dchild=1&fst=as%3Aoff&qid=1605504529&refinements=p_89%3ARedmi&rnid=1389432031&s=electronics&sr=1-52,Redmi Y2 ,8500,https://m.media-amazon.com/images/I/71C5QuX8qeL._AC_UY218_.jpg
B07X3P1DR5,Redmi,https://www.amazon.in/Redmi-7A-Matte-Black-Storage/dp/B07X3P1DR5/ref=sr_1_54?dchild=1&fst=as%3Aoff&qid=1605504529&refinements=p_89%3ARedmi&rnid=1389432031&s=electronics&sr=1-54,Redmi 7A ,8198,https://m.media-amazon.com/images/I/71YK3AQN02L._AC_UY218_.jpg
B07QNQP5DT,Redmi,https://www.amazon.in/Redmi-Eclipse-Storage-4000mAH-Battery/dp/B07QNQP5DT/ref=sr_1_55?dchild=1&fst=as%3Aoff&qid=1605504529&refinements=p_89%3ARedmi&rnid=1389432031&s=electronics&sr=1-55,Redmi 7 ,9160,https://m.media-amazon.com/images/I/61XQ4wLdamL._AC_UY218_.jpg
B07QNQPDTV,Redmi,https://www.amazon.in/Redmi-Y3-Storage-4000mAH-Battery/dp/B07QNQPDTV/ref=sr_1_56?dchild=1&fst=as%3Aoff&qid=1605504529&refinements=p_89%3ARedmi&rnid=1389432031&s=electronics&sr=1-56,Redmi Y3 ,6950,https://m.media-amazon.com/images/I/718FBBTV0IL._AC_UY218_.jpg
B082FP7T27,Redmi,https://www.amazon.in/Redmi-K20-Pro-Carbon-Storage/dp/B082FP7T27/ref=sr_1_78?dchild=1&fst=as%3Aoff&qid=1605504529&refinements=p_89%3ARedmi&rnid=1389432031&s=electronics&sr=1-78,Redmi K20 Pro ,8298,https://m.media-amazon.com/images/I/71FringFilL._AC_UY218_.jpg
B077PWBDV2,Redmi,https://www.amazon.in/Redmi-5-Rose-Gold-16GB/dp/B077PWBDV2/ref=sr_1_89?dchild=1&fst=as%3Aoff&qid=1605504529&refinements=p_89%3ARedmi&rnid=1389432031&s=electronics&sr=1-89,Redmi 5 ,11588,https://m.media-amazon.com/images/I/81XcGuHh9ZL._AC_UY218_.jpg
B07HK4JNV1,Redmi,https://www.amazon.in/Redmi-Note-Pro-Black-RAM/dp/B07HK4JNV1/ref=sr_1_97?dchild=1&fst=as%3Aoff&qid=1605504529&refinements=p_89%3ARedmi&rnid=1389432031&s=electronics&sr=1-97,Redmi Mi Note 6 Pro ,11588,https://m.media-amazon.com/images/I/517Q3-wHBkL._AC_UY218_.jpg
B082FNDQT7,Redmi,https://www.amazon.in/Redmi-K20-Glacier-Storage-Exchange/dp/B082FNDQT7/ref=sr_1_99?dchild=1&fst=as%3Aoff&qid=1605504529&refinements=p_89%3ARedmi&rnid=1389432031&s=electronics&sr=1-99,Redmi K20 ,24999,https://m.media-amazon.com/images/I/71Ghpwv-IdL._AC_UY218_.jpg
B07PFSZ721,Redmi,https://www.amazon.in/Xiaomi-Redmi-Note-Pro-Neptune/dp/B07PFSZ721/ref=sr_1_100?dchild=1&fst=as%3Aoff&qid=1605504529&refinements=p_89%3ARedmi&rnid=1389432031&s=electronics&sr=1-100,Redmi Xiaomi Note 7 Pro Phone ,13590,https://m.media-amazon.com/images/I/81kra24lW5L._AC_UY218_.jpg
B07NL6ZMXH,Redmi,https://www.amazon.in/Redmi-Note-Pro-Blue-Storage/dp/B07NL6ZMXH/ref=sr_1_110?dchild=1&fst=as%3Aoff&qid=1605504529&refinements=p_89%3ARedmi&rnid=1389432031&s=electronics&sr=1-110,Redmi Note 6 Pro ,13490,https://m.media-amazon.com/images/I/81LjY0iuJVL._AC_UY218_.jpg
B07RMJRS7L,Redmi,https://www.amazon.in/Redmi-Xiaomi-Note-Pro-Nebula/dp/B07RMJRS7L/ref=sr_1_111?dchild=1&fst=as%3Aoff&qid=1605504529&refinements=p_89%3ARedmi&rnid=1389432031&s=electronics&sr=1-111,Redmi Xiaomi Redmi Note 7 Pro ,7198,https://m.media-amazon.com/images/I/81tyH0H6meL._AC_UY218_.jpg
B086977J3K,Oneplus,https://www.amazon.in/OnePlus-Nord-Marble-128GB-Storage/dp/B086977J3K/ref=sr_1_1?dchild=1&keywords=oneplus&qid=1605506395&refinements=p_89%3AOnePlus&rnid=3837712031&s=electronics&sr=1-1,OnePlus Nord 5G ,27999,https://m.media-amazon.com/images/I/71aqNzEqj0L._AC_UY218_.jpg
B078BNQ318,Oneplus,https://www.amazon.in/OnePlus-Glacial-Green-128GB-Storage/dp/B078BNQ318/ref=sr_1_6?dchild=1&keywords=oneplus&qid=1605506395&refinements=p_89%3AOnePlus&rnid=3837712031&s=electronics&sr=1-6,OnePlus 8 ,39999,https://m.media-amazon.com/images/I/71KJ3loLvyL._AC_UY218_.jpg
B085J17VVP,Oneplus,https://www.amazon.in/OnePlus-Mirror-Black-128GB-Storage/dp/B085J17VVP/ref=sr_1_7?dchild=1&keywords=oneplus&qid=1605506395&refinements=p_89%3AOnePlus&rnid=3837712031&s=electronics&sr=1-7,OnePlus 8T 5G ,42999,https://m.media-amazon.com/images/I/71m05O2uNdL._AC_UY218_.jpg
B07DJLVJ5M,Oneplus,https://www.amazon.in/Test-Exclusive-748/dp/B07DJLVJ5M/ref=sr_1_9?dchild=1&keywords=oneplus&qid=1605506395&refinements=p_89%3AOnePlus&rnid=3837712031&s=electronics&sr=1-9,OnePlus 7T Glacier Blue ,37999,https://m.media-amazon.com/images/I/71ncRs6HzyL._AC_UY218_.jpg
B078BN55WZ,Oneplus,https://www.amazon.in/Test-Exclusive-542/dp/B078BN55WZ/ref=sr_1_10?dchild=1&keywords=oneplus&qid=1605506395&refinements=p_89%3AOnePlus&rnid=3837712031&s=electronics&sr=1-10,OnePlus 8 Pro ,59999,https://m.media-amazon.com/images/I/61YSMhOd5EL._AC_UY218_.jpg
B07DJ8K2KT,Oneplus,https://www.amazon.in/Test-Exclusive-749/dp/B07DJ8K2KT/ref=sr_1_13?dchild=1&keywords=oneplus&qid=1605506395&refinements=p_89%3AOnePlus&rnid=3837712031&s=electronics&sr=1-13,Oneplus 7T PRO Haze Blue ,43999,https://m.media-amazon.com/images/I/61FRLa8IFTL._AC_UY218_.jpg
B07HG8SBDV,Oneplus,https://www.amazon.in/Test-Exclusive-603/dp/B07HG8SBDV/ref=sr_1_18?dchild=1&keywords=oneplus&qid=1605506395&refinements=p_89%3AOnePlus&rnid=3837712031&s=electronics&sr=1-18,OnePlus 7 Pro ,49999,https://m.media-amazon.com/images/I/51s0Mb5li8L._AC_UY218_.jpg
B078BNQ2ZS,Oneplus,https://www.amazon.in/OnePlus-Silk-White-128GB-Storage/dp/B078BNQ2ZS/ref=sr_1_38?dchild=1&keywords=oneplus&qid=1605506404&refinements=p_89%3AOnePlus&rnid=3837712031&s=electronics&sr=1-38,OnePlus 6 ,39999,https://m.media-amazon.com/images/I/81gJMoFPT1L._AC_UY218_.jpg
B07DJCVTBH,Oneplus,https://www.amazon.in/Test-Exclusive-734/dp/B07DJCVTBH/ref=sr_1_39?dchild=1&keywords=oneplus&qid=1605506404&refinements=p_89%3AOnePlus&rnid=3837712031&s=electronics&sr=1-39,OnePlus 6T McLaren Limited Edition ,49999,https://m.media-amazon.com/images/I/51+WKvgaFJL._AC_UY218_.jpg
B07HGJJ559,Samsung,https://www.amazon.in/Samsung-Galaxy-Midnight-Blue-Storage/dp/B07HGJJ559/ref=sr_1_1?dchild=1&fst=as%3Aoff&qid=1605584575&refinements=p_89%3ASamsung&rnid=3837712031&s=electronics&sr=1-1,Samsung Galaxy M21 ,13999,https://m.media-amazon.com/images/I/71dujTTJDZL._AC_UY218_.jpg
B085J3GN6M,Samsung,https://www.amazon.in/Samsung-Galaxy-Prime-Ocean-Storage/dp/B085J3GN6M/ref=sr_1_3?dchild=1&fst=as%3Aoff&qid=1605584575&refinements=p_89%3ASamsung&rnid=3837712031&s=electronics&sr=1-3,Samsung Galaxy M31 Prime Edition ,18499,https://m.media-amazon.com/images/I/71zb0UaK0PL._AC_UY218_.jpg
B085J1J32G,Samsung,https://www.amazon.in/Samsung-Galaxy-Electric-Blue-128GB-Storage/dp/B085J1J32G/ref=sr_1_4?dchild=1&fst=as%3Aoff&qid=1605584575&refinements=p_89%3ASamsung&rnid=3837712031&s=electronics&sr=1-4,Samsung Galaxy M51 ,24999,https://m.media-amazon.com/images/I/710weRkP-nL._AC_UY218_.jpg
B07DJCJBB3,Samsung,https://www.amazon.in/Samsung-Galaxy-Mirage-128GB-Storage/dp/B07DJCJBB3/ref=sr_1_5?dchild=1&fst=as%3Aoff&qid=1605584575&refinements=p_89%3ASamsung&rnid=3837712031&s=electronics&sr=1-5,Samsung Galaxy M31s ,19499,https://m.media-amazon.com/images/I/61d-phh4GfL._AC_UY218_.jpg
B086KCDGTQ,Samsung,https://www.amazon.in/Samsung-Galaxy-Storage-Additional-Exchange/dp/B086KCDGTQ/ref=sr_1_9?dchild=1&fst=as%3Aoff&qid=1605584575&refinements=p_89%3ASamsung&rnid=3837712031&s=electronics&sr=1-9,Samsung Galaxy M01 ,7499,https://m.media-amazon.com/images/I/81o1rDu5FZL._AC_UY218_.jpg
B07HGJ7WLM,Samsung,https://www.amazon.in/Samsung-Galaxy-Space-Black-Storage/dp/B07HGJ7WLM/ref=sr_1_15?dchild=1&fst=as%3Aoff&qid=1605584575&refinements=p_89%3ASamsung&rnid=3837712031&s=electronics&sr=1-15,Samsung Galaxy M31 ,17499,https://m.media-amazon.com/images/I/71OxJeyywSL._AC_UY218_.jpg
B089MQ622N,Samsung,https://www.amazon.in/Samsung-Galaxy-Storage-Additional-Exchange/dp/B089MQ622N/ref=sr_1_17?dchild=1&fst=as%3Aoff&qid=1605584575&refinements=p_89%3ASamsung&rnid=3837712031&s=electronics&sr=1-17,Samsung Galaxy M01 Core ,5999,https://m.media-amazon.com/images/I/71AYb2AGHXL._AC_UY218_.jpg
B086KCCSDD,Samsung,https://www.amazon.in/Samsung-Metallic-Storage-Additional-Exchange/dp/B086KCCSDD/ref=sr_1_24?dchild=1&fst=as%3Aoff&qid=1605584575&refinements=p_89%3ASamsung&rnid=3837712031&s=electronics&sr=1-24,Samsung Galaxy M11 ,11499,https://m.media-amazon.com/images/I/71hqi389rcL._AC_UY218_.jpg
B089MS4LGT,Samsung,https://www.amazon.in/Samsung-Galaxy-Storage-Additional-Exchange/dp/B089MS4LGT/ref=sr_1_25?dchild=1&fst=as%3Aoff&qid=1605584582&refinements=p_89%3ASamsung&rnid=3837712031&s=electronics&sr=1-25,Samsung Galaxy M01s ,8999,https://m.media-amazon.com/images/I/712MlLutKGL._AC_UY218_.jpg
B07KXC7WQZ,Samsung,https://www.amazon.in/Samsung-Galaxy-Storage-Additional-Exchange/dp/B07KXC7WQZ/ref=sr_1_34?dchild=1&fst=as%3Aoff&qid=1605584582&refinements=p_89%3ASamsung&rnid=3837712031&s=electronics&sr=1-34,Samsung Galaxy S10 Plus ,39999,https://m.media-amazon.com/images/I/619jtWsN0cL._AC_UY218_.jpg
B07KXCH2FP,Samsung,https://www.amazon.in/Samsung-Galaxy-Storage-Additional-Exchange/dp/B07KXCH2FP/ref=sr_1_36?dchild=1&fst=as%3Aoff&qid=1605584582&refinements=p_89%3ASamsung&rnid=3837712031&s=electronics&sr=1-36,Samsung Galaxy S10 ,39999,https://m.media-amazon.com/images/I/61-snTeMjoL._AC_UY218_.jpg
B086KC85W8,Samsung,https://www.amazon.in/Samsung-Galaxy-Storage-Additional-Exchange/dp/B086KC85W8/ref=sr_1_50?dchild=1&fst=as%3Aoff&qid=1605584582&refinements=p_89%3ASamsung&rnid=3837712031&s=electronics&sr=1-50,Samsung Galaxy A21s ,14499,https://m.media-amazon.com/images/I/811RH5e-snL._AC_UY218_.jpg
B07X9YMW7S,Samsung,https://www.amazon.in/Samsung-Galaxy-Storage-Additional-Exchange/dp/B07X9YMW7S/ref=sr_1_52?dchild=1&fst=as%3Aoff&qid=1605584582&refinements=p_89%3ASamsung&rnid=3837712031&s=electronics&sr=1-52,Samsung Galaxy A51 ,22999,https://m.media-amazon.com/images/I/81qVoEhymIL._AC_UY218_.jpg
B086KFXPFD,Samsung,https://www.amazon.in/Samsung-Galaxy-Storage-Additional-Exchange/dp/B086KFXPFD/ref=sr_1_53?dchild=1&fst=as%3Aoff&qid=1605584582&refinements=p_89%3ASamsung&rnid=3837712031&s=electronics&sr=1-53,Samsung Galaxy A31 ,18999,https://m.media-amazon.com/images/I/81erkgYf1tL._AC_UY218_.jpg
B07X9YN2FJ,Samsung,https://www.amazon.in/Samsung-Galaxy-Storage-Additional-Exchange/dp/B07X9YN2FJ/ref=sr_1_58?dchild=1&fst=as%3Aoff&qid=1605584582&refinements=p_89%3ASamsung&rnid=3837712031&s=electronics&sr=1-58,Samsung Galaxy Note10 Lite ,36999,https://m.media-amazon.com/images/I/71T0KJFxCHL._AC_UY218_.jpg
B07XBYLRVB,Samsung,https://www.amazon.in/Samsung-Galaxy-Storage-Additional-Exchange/dp/B07XBYLRVB/ref=sr_1_65?dchild=1&fst=as%3Aoff&qid=1605584582&refinements=p_89%3ASamsung&rnid=3837712031&s=electronics&sr=1-65,Samsung Galaxy A71 ,29499,https://m.media-amazon.com/images/I/71Wh8ZPcGBL._AC_UY218_.jpg
B089MSCW8P,Samsung,https://www.amazon.in/Samsung-Galaxy-Storage-Additional-Exchange/dp/B089MSCW8P/ref=sr_1_67?dchild=1&fst=as%3Aoff&qid=1605584582&refinements=p_89%3ASamsung&rnid=3837712031&s=electronics&sr=1-67,Samsung Galaxy Note 20 Ultra 5G ,104999,https://m.media-amazon.com/images/I/81afQk-7AjL._AC_UY218_.jpg
B086KF8DL1,Samsung,https://www.amazon.in/Test-Exclusive-2000-Multi-Storage/dp/B086KF8DL1/ref=sr_1_73?dchild=1&fst=as%3Aoff&qid=1605584582&refinements=p_89%3ASamsung&rnid=3837712031&s=electronics&sr=1-73,Samsung Galaxy S20 FE ,44999,https://m.media-amazon.com/images/I/71OYLm6srFL._AC_UY218_.jpg
B08444S68Q,Samsung,https://www.amazon.in/Samsung-Galaxy-Storage-Additional-Exchange/dp/B08444S68Q/ref=sr_1_74?dchild=1&fst=as%3Aoff&qid=1605584582&refinements=p_89%3ASamsung&rnid=3837712031&s=electronics&sr=1-74,Samsung Galaxy S20 Ultra ,77190,https://m.media-amazon.com/images/I/71cD4NUIBWL._AC_UY218_.jpg
B07PTTRLSF,Samsung,https://www.amazon.in/Test-Dummy_March_2019_95-Black-Without-Offer/dp/B07PTTRLSF/ref=sr_1_77?dchild=1&fst=as%3Aoff&qid=1605584582&refinements=p_89%3ASamsung&rnid=3837712031&s=electronics&sr=1-77,Samsung Galaxy A70s ,23500,https://m.media-amazon.com/images/I/41ekkfTBh7L._AC_UY218_.jpg
B07PQ7DK2N,Samsung,https://www.amazon.in/Samsung-Galaxy-Storage-Additional-Exchange/dp/B07PQ7DK2N/ref=sr_1_79?dchild=1&fst=as%3Aoff&qid=1605584582&refinements=p_89%3ASamsung&rnid=3837712031&s=electronics&sr=1-79,Samsung Galaxy Note 10 ,73600,https://m.media-amazon.com/images/I/710H5rWYI0L._AC_UY218_.jpg
B07SBJZS5C,Samsung,https://www.amazon.in/Samsung-Galaxy-Storage-Additional-Exchange/dp/B07SBJZS5C/ref=sr_1_81?dchild=1&fst=as%3Aoff&qid=1605584582&refinements=p_89%3ASamsung&rnid=3837712031&s=electronics&sr=1-81,Samsung Galaxy A10s ,104999,https://m.media-amazon.com/images/I/81e6XvJzKgL._AC_UY218_.jpg
B089MSZDR7,Samsung,https://www.amazon.in/Samsung-Galaxy-Storage-Additional-Exchange/dp/B089MSZDR7/ref=sr_1_86?dchild=1&fst=as%3Aoff&qid=1605584582&refinements=p_89%3ASamsung&rnid=3837712031&s=electronics&sr=1-86,Samsung Galaxy Note 20 ,149999,https://m.media-amazon.com/images/I/81wiM7nbd0L._AC_UY218_.jpg
B07GVXKVYN,Samsung,https://www.amazon.in/Samsung-Galaxy-Core-Black-Offers/dp/B07GVXKVYN/ref=sr_1_89?dchild=1&fst=as%3Aoff&qid=1605584582&refinements=p_89%3ASamsung&rnid=3837712031&s=electronics&sr=1-89,Samsung Galaxy J2 Core ,38990,https://m.media-amazon.com/images/I/618QM4m-FrL._AC_UY218_.jpg
B01LZKSVRB,Apple,https://www.amazon.in/Apple-iPhone-Black-32GB-Storage/dp/B01LZKSVRB/ref=sr_1_2?dchild=1&fst=as%3Aoff&qid=1605585277&rnid=20683047031&s=electronics&sr=1-2,Apple iPhone 7 ,24999,https://m.media-amazon.com/images/I/41D9NDiSzjL._AC_UY218_.jpg
B07XVLMZHH,Apple,https://www.amazon.in/Apple-iPhone-Pro-Max-64GB/dp/B07XVLMZHH/ref=sr_1_5?dchild=1&fst=as%3Aoff&qid=1605585277&rnid=20683047031&s=electronics&sr=1-5,Apple iPhone 11 Pro Max ,99990,https://m.media-amazon.com/images/I/61ers6OzvUL._AC_UY218_.jpg
B07J3CJH8S,Apple,https://www.amazon.in/Apple-iPhone-Xs-512GB-Space/dp/B07J3CJH8S/ref=sr_1_6?dchild=1&fst=as%3Aoff&qid=1605585277&rnid=20683047031&s=electronics&sr=1-6,Apple iPhone Xs ,97900,https://m.media-amazon.com/images/I/51wU55p7DnL._AC_UY218_.jpg
B07S6V5VXR,Huawei,https://www.amazon.in/Huawei-Prime-Sapphire-128GB-Storage/dp/B07S6V5VXR/ref=lp_17537712031_1_1?s=electronics&ie=UTF8&qid=1605585661&sr=1-1,Huawei Y9 Prime 2019,"14,999",https://images-eu.ssl-images-amazon.com/images/I/4182RMuAomL._AC_US160_FMwebp_QL70_.jpg
B08GT1T4TC,Nokia,https://www.amazon.in/Nokia-5-3-Android-Smartphone-64/dp/B08GT1T4TC/ref=sr_1_1?dchild=1&keywords=nokia+smartphones&qid=1605585969&refinements=p_89%3ANokia&rnid=3837712031&s=electronics&sr=1-1,"Nokia 5.3 Android One Smartphone with Quad Camera, 4 GB RAM and 64 GB Storage - Cyan",12999,https://m.media-amazon.com/images/I/61KfjV+40QL._AC_UY218_.jpg
B086KCCMBV,Nokia,https://www.amazon.in/Nokia-C3-Android-Smartphone-Fingerprint/dp/B086KCCMBV/ref=sr_1_2?dchild=1&keywords=nokia+smartphones&qid=1605585969&refinements=p_89%3ANokia&rnid=3837712031&s=electronics&sr=1-2,"Nokia C3 Android 10 Smartphone with 2GB RAM 16GB Storage, All-Day Battery and Fingerprint Sensor – Nordic Blue",7199,https://m.media-amazon.com/images/I/71Vh6ktdqML._AC_UY218_.jpg
B08GT28WQQ,Nokia,https://www.amazon.in/Nokia-5-3-Android-Smartphone-64/dp/B08GT28WQQ/ref=sr_1_3?dchild=1&keywords=nokia+smartphones&qid=1605585969&refinements=p_89%3ANokia&rnid=3837712031&s=electronics&sr=1-3,"Nokia 5.3 Android One Smartphone with Quad Camera, 6 GB RAM and 64 GB Storage",13999,https://m.media-amazon.com/images/I/61L1ItFgFHL._AC_UY218_.jpg
B083S9P1KS,Nokia,https://www.amazon.in/Nokia-2-3-Charcoal-32GB-Storage/dp/B083S9P1KS/ref=sr_1_5?dchild=1&keywords=nokia+smartphones&qid=1605585969&refinements=p_89%3ANokia&rnid=3837712031&s=electronics&sr=1-5,"Nokia 2.3 Android 10 Smartphone 2GB RAM, 32GB Storage, Dual Rear Camera, Charcoal",8199,https://m.media-amazon.com/images/I/41gAZdQUyZL._AC_UY218_.jpg
B086KFXPGF,Nokia,https://www.amazon.in/Nokia-C3-Storage-Without-Offers/dp/B086KFXPGF/ref=sr_1_8?dchild=1&keywords=nokia+smartphones&qid=1605585969&refinements=p_89%3ANokia&rnid=3837712031&s=electronics&sr=1-8,Nokia C3 ,6700,https://m.media-amazon.com/images/I/21tcduY9TnL._AC_UY218_.jpg
B086KCCMBT,Nokia,https://www.amazon.in/Nokia-C3-Android-Smartphone-Fingerprint/dp/B086KCCMBT/ref=sr_1_9?dchild=1&keywords=nokia+smartphones&qid=1605585969&refinements=p_89%3ANokia&rnid=3837712031&s=electronics&sr=1-9,"Nokia C3 Android 10 Smartphone with 2GB RAM 16GB Storage, All-Day Battery and Fingerprint Sensor – Sand",7199,https://m.media-amazon.com/images/I/71ICH6FHDYL._AC_UY218_.jpg
B08GT2FC5M,Nokia,https://www.amazon.in/Nokia-5-3-Android-Smartphone-64/dp/B08GT2FC5M/ref=sr_1_13?dchild=1&keywords=nokia+smartphones&qid=1605585969&refinements=p_89%3ANokia&rnid=3837712031&s=electronics&sr=1-13,"Nokia 5.3 Android One Smartphone with Quad Camera, 4 GB RAM and 64 GB Storage - Sand",12999,https://m.media-amazon.com/images/I/710lQvb4NRL._AC_UY218_.jpg
B07X63JCWT,Nokia,https://www.amazon.in/Nokia-Tough-Rugged-Phone-Black/dp/B07X63JCWT/ref=sr_1_16?dchild=1&keywords=nokia+smartphones&qid=1605585969&refinements=p_89%3ANokia&rnid=3837712031&s=electronics&sr=1-16,"Nokia 800 Tough, 4GB, IP68 Rugged Cell Phone, 4G LTE ",8500,https://m.media-amazon.com/images/I/51kN5wB7EuL._AC_UY218_.jpg
B08445DDZW,Vivo,https://www.amazon.in/gp/slredirect/picassoRedirect.html/ref=pa_sp_atf_electronics_sr_pg1_1?ie=UTF8&adId=A103043220IDPU21R6IXH&url=%2FTest-TST_Exclusive1010-Exclusive-1010%2Fdp%2FB08445DDZW%2Fref%3Dsr_1_1_sspa%3Fdchild%3D1%26keywords%3Dvivo%2Bsmartphones%26qid%3D1605586292%26refinements%3Dp_89%253AVivo%26rnid%3D3837712031%26s%3Delectronics%26sr%3D1-1-spons%26psc%3D1&qualifier=1605586390&id=4899531978311883&widgetName=sp_atf,Vivo V20 ,24990,https://m.media-amazon.com/images/I/61WEnqnn2WL._AC_UY218_.jpg
B07PSHDTHB,Vivo,https://www.amazon.in/Vivo-Storage-Additional-Exchange-Offers/dp/B07PSHDTHB/ref=sr_1_2?dchild=1&keywords=vivo+smartphones&qid=1605586292&refinements=p_89%3AVivo&rnid=3837712031&s=electronics&sr=1-2,Vivo Y12 ,10990,https://m.media-amazon.com/images/I/51320C1CrsL._AC_UY218_.jpg
B089MS3GL9,Vivo,https://www.amazon.in/Vivo-Obsidian-Storage-Additional-Exchange/dp/B089MS3GL9/ref=sr_1_4?dchild=1&keywords=vivo+smartphones&qid=1605586292&refinements=p_89%3AVivo&rnid=3837712031&s=electronics&sr=1-4,Vivo Y20 ,12990,https://m.media-amazon.com/images/I/71SVzNmepQL._AC_UY218_.jpg
B086KF2QYN,Vivo,https://www.amazon.in/Vivo-Storage-Additional-Exchange-Offers/dp/B086KF2QYN/ref=sr_1_5?dchild=1&keywords=vivo+smartphones&qid=1605586292&refinements=p_89%3AVivo&rnid=3837712031&s=electronics&sr=1-5,Vivo Y91i ,8490,https://m.media-amazon.com/images/I/51-T19jXchL._AC_UY218_.jpg
B086KDZGTZ,Vivo,https://www.amazon.in/Vivo-Storage-Additional-Exchange-Offers/dp/B086KDZGTZ/ref=sr_1_7?dchild=1&keywords=vivo+smartphones&qid=1605586292&refinements=p_89%3AVivo&rnid=3837712031&s=electronics&sr=1-7,Vivo Y50 ,16490,https://m.media-amazon.com/images/I/514ETCdN3CL._AC_UY218_.jpg
B07S9G4LB3,Vivo,https://www.amazon.in/Test-Exclusive-TST_Exclusive1044-3GB-Storage/dp/B07S9G4LB3/ref=sr_1_8?dchild=1&keywords=vivo+smartphones&qid=1605586292&refinements=p_89%3AVivo&rnid=3837712031&s=electronics&sr=1-8,Vivo S1 Pro ,18990,https://m.media-amazon.com/images/I/51k5RDo22UL._AC_UY218_.jpg
B086KG11W3,Vivo,https://www.amazon.in/Vivo-Emerald-Storage-Additional-Exchange/dp/B086KG11W3/ref=sr_1_9?dchild=1&keywords=vivo+smartphones&qid=1605586292&refinements=p_89%3AVivo&rnid=3837712031&s=electronics&sr=1-9,Vivo Y30 ,13990,https://m.media-amazon.com/images/I/61424WwLFjL._AC_UY218_.jpg
B07XD2FWBC,Vivo,https://www.amazon.in/Vivo-Mineral-Storage-Additional-Exchange/dp/B07XD2FWBC/ref=sr_1_12?dchild=1&keywords=vivo+smartphones&qid=1605586292&refinements=p_89%3AVivo&rnid=3837712031&s=electronics&sr=1-12,Vivo Y11 ,9490,https://m.media-amazon.com/images/I/71BBqZGY3dL._AC_UY218_.jpg
B08444WMFG,Vivo,https://www.amazon.in/Test-TST_Exclusive1005-Exclusive-1005/dp/B08444WMFG/ref=sr_1_17?dchild=1&keywords=vivo+smartphones&qid=1605586292&refinements=p_89%3AVivo&rnid=3837712031&s=electronics&sr=1-17,Vivo V20 SE ,20990,https://m.media-amazon.com/images/I/51MKKpo0GDL._AC_UY218_.jpg
B07XD1ZFJ9,Vivo,https://www.amazon.in/Vivo-Glacier-Storage-Additional-Exchange/dp/B07XD1ZFJ9/ref=sr_1_19?dchild=1&keywords=vivo+smartphones&qid=1605586292&refinements=p_89%3AVivo&rnid=3837712031&s=electronics&sr=1-19,Vivo V17 ,9490,https://m.media-amazon.com/images/I/71iWvC-Sk1L._AC_UY218_.jpg
B07S7DJYWC,Vivo,https://www.amazon.in/Vivo-Burgundy-Storage-Additional-Exchange/dp/B07S7DJYWC/ref=sr_1_24?dchild=1&keywords=vivo+smartphones&qid=1605586292&refinements=p_89%3AVivo&rnid=3837712031&s=electronics&sr=1-24,Vivo Y15 ,11490,https://m.media-amazon.com/images/I/51AGL2wk0GL._AC_UY218_.jpg
B08444XXKV,Vivo,https://www.amazon.in/Vivo-Mystic-Storage-Additional-Exchange/dp/B08444XXKV/ref=sr_1_26?dchild=1&keywords=vivo+smartphones&qid=1605586296&refinements=p_89%3AVivo&rnid=3837712031&s=electronics&sr=1-26,Vivo V19 ,24990,https://m.media-amazon.com/images/I/61DlqYmSLOL._AC_UY218_.jpg
B089MQ7JQ3,Vivo,https://www.amazon.in/Vivo-Nebula-Storage-Additional-Exchange/dp/B089MQ7JQ3/ref=sr_1_30?dchild=1&keywords=vivo+smartphones&qid=1605586296&refinements=p_89%3AVivo&rnid=3837712031&s=electronics&sr=1-30,Vivo Y20i ,11490,https://m.media-amazon.com/images/I/71INGYhIf0L._AC_UY218_.jpg
B089MT22TM,Vivo,https://www.amazon.in/Vivo-Storage-Additional-Exchange-Offers/dp/B089MT22TM/ref=sr_1_35?dchild=1&keywords=vivo+smartphones&qid=1605586296&refinements=p_89%3AVivo&rnid=3837712031&s=electronics&sr=1-35,Vivo X50 ,37990,https://m.media-amazon.com/images/I/71hrhKdmwDL._AC_UY218_.jpg
B07KXC1YGG,Vivo,https://www.amazon.in/Vivo-Storage-Additional-Exchange-Offers/dp/B07KXC1YGG/ref=sr_1_37?dchild=1&keywords=vivo+smartphones&qid=1605586296&refinements=p_89%3AVivo&rnid=3837712031&s=electronics&sr=1-37,Vivo V15 Pro ,9039,https://m.media-amazon.com/images/I/61ovWQUYp7L._AC_UY218_.jpg
B0825WCMQJ,Vivo,https://www.amazon.in/Vivo-Z1x-64GB-Phantom-Purple/dp/B0825WCMQJ/ref=sr_1_41?dchild=1&keywords=vivo+smartphones&qid=1605586296&refinements=p_89%3AVivo&rnid=3837712031&s=electronics&sr=1-41,Vivo Z1x 6GB 64GB ,9959,https://m.media-amazon.com/images/I/61evtLR21SL._AC_UY218_.jpg
B07XF4WH56,Vivo,https://www.amazon.in/Vivo-Skyline-Storage-Additional-Exchange/dp/B07XF4WH56/ref=sr_1_49?dchild=1&keywords=vivo+smartphones&qid=1605586296&refinements=p_89%3AVivo&rnid=3837712031&s=electronics&sr=1-49,Vivo S1 ,17990,https://m.media-amazon.com/images/I/510qcTMY10L._AC_UY218_.jpg
B07VGY9J14,Vivo,https://www.amazon.in/Vivo-Sonic-Black-64GB-Storage/dp/B07VGY9J14/ref=sr_1_57?dchild=1&keywords=vivo+smartphones&qid=1605586296&refinements=p_89%3AVivo&rnid=3837712031&s=electronics&sr=1-57,Vivo VZ1 Pro ,10990,https://m.media-amazon.com/images/I/61-T5qFKFvL._AC_UY218_.jpg
B07PQ7FSHW,Vivo,https://www.amazon.in/Vivo-Nebula-Storage-Additional-Exchange/dp/B07PQ7FSHW/ref=sr_1_59?dchild=1&keywords=vivo+smartphones&qid=1605586296&refinements=p_89%3AVivo&rnid=3837712031&s=electronics&sr=1-59,Vivo Y91 ,8999,https://m.media-amazon.com/images/I/61xLVj3Fh-L._AC_UY218_.jpg
B07DR1FPV3,Vivo,https://www.amazon.in/Vivo-Y71-Gold-Without-Offers/dp/B07DR1FPV3/ref=sr_1_60?dchild=1&keywords=vivo+smartphones&qid=1605586296&refinements=p_89%3AVivo&rnid=3837712031&s=electronics&sr=1-60,Vivo Y71 ,14990,https://m.media-amazon.com/images/I/61EL3rFNssL._AC_UY218_.jpg
B07HMV6WZ8,Vivo,https://www.amazon.in/Vivo-Y83-Pro-Nebula-Purple/dp/B07HMV6WZ8/ref=sr_1_62?dchild=1&keywords=vivo+smartphones&qid=1605586296&refinements=p_89%3AVivo&rnid=3837712031&s=electronics&sr=1-62,Vivo Y83 Pro ,37990,https://m.media-amazon.com/images/I/51AFXtzmLfL._AC_UY218_.jpg
B07PTLCBLH,Vivo,https://www.amazon.in/Vivo-Storage-Additional-Exchange-Offers/dp/B07PTLCBLH/ref=sr_1_66?dchild=1&keywords=vivo+smartphones&qid=1605586296&refinements=p_89%3AVivo&rnid=3837712031&s=electronics&sr=1-66,Vivo Y90 ,8190,https://m.media-amazon.com/images/I/61Tz5ru+GNL._AC_UY218_.jpg
B07GZ2TD2J,Vivo,https://www.amazon.in/Vivo-V11-Pro-Starry-Storage/dp/B07GZ2TD2J/ref=sr_1_77?dchild=1&keywords=vivo+smartphones&qid=1605586296&refinements=p_89%3AVivo&rnid=3837712031&s=electronics&sr=1-77,Vivo V11 Pro ,13539,https://m.media-amazon.com/images/I/51HZ1FRUZ6L._AC_UY218_.jpg
B07KXCGR8Q,Vivo,https://www.amazon.in/Vivo-Frozen-Storage-Additional-Exchange/dp/B07KXCGR8Q/ref=sr_1_78?dchild=1&keywords=vivo+smartphones&qid=1605586296&refinements=p_89%3AVivo&rnid=3837712031&s=electronics&sr=1-78,Vivo V15 ,14539,https://m.media-amazon.com/images/I/61MDwaWYWqL._AC_UY218_.jpg
B01B5U71UK,Vivo,https://www.amazon.in/Vivo-Y51L-White/dp/B01B5U71UK/ref=sr_1_97?dchild=1&keywords=vivo+smartphones&qid=1605586296&refinements=p_89%3AVivo&rnid=3837712031&s=electronics&sr=1-97,Vivo Y51L ,12889,https://m.media-amazon.com/images/I/61kHOIarPUL._AC_UY218_.jpg
B07KWX97HT,Vivo,https://www.amazon.in/Vivo-Mystic-Purple-128GB-Storage/dp/B07KWX97HT/ref=sr_1_100?dchild=1&keywords=vivo+smartphones&qid=1605586296&refinements=p_89%3AVivo&rnid=3837712031&s=electronics&sr=1-100,Vivo Y17 ,14539,https://m.media-amazon.com/images/I/71nzvWeQ3XL._AC_UY218_.jpg
B07KX1S5ZD,Vivo,https://www.amazon.in/Vivo-1816-Storage-Additional-Exchange/dp/B07KX1S5ZD/ref=sr_1_101?dchild=1&keywords=vivo+smartphones&qid=1605586296&refinements=p_89%3AVivo&rnid=3837712031&s=electronics&sr=1-101,Vivo Y91 1816 ,14389,https://m.media-amazon.com/images/I/61csoi3ewEL._AC_UY218_.jpg
B07X9YM9HD,Vivo,https://www.amazon.in/Vivo-Midnight-Storage-Additional-Exchange/dp/B07X9YM9HD/ref=sr_1_124?dchild=1&keywords=vivo+smartphones&qid=1605586296&refinements=p_89%3AVivo&rnid=3837712031&s=electronics&sr=1-124,Vivo V17 Pro ,14539,https://m.media-amazon.com/images/I/71iRjnARnSL._AC_UY218_.jpg
B08BSK3GP9,Honor,https://www.amazon.in/Honor-Phantom-Storage-Download-Through/dp/B08BSK3GP9/ref=sr_1_1?crid=12Z6JXLHIBT3E&dchild=1&keywords=honor+smartphones&qid=1605586560&refinements=p_89%3AHonor&rnid=3837712031&s=electronics&sprefix=Honor+sma%2Celectronics%2C293&sr=1-1,Honor 9A ,8999,https://m.media-amazon.com/images/I/71+WZJPvZTL._AC_UY218_.jpg
B0856C8GGH,Honor,https://www.amazon.in/Honor-Sapphire-Storage-Camera-Triple/dp/B0856C8GGH/ref=sr_1_2?crid=12Z6JXLHIBT3E&dchild=1&keywords=honor+smartphones&qid=1605586560&refinements=p_89%3AHonor&rnid=3837712031&s=electronics&sprefix=Honor+sma%2Celectronics%2C293&sr=1-2,Honor 9X ,15999,https://m.media-amazon.com/images/I/81n8WL9e4xL._AC_UY218_.jpg
B0784D5J97,Honor,https://www.amazon.in/Honor-Black-4GB-RAM-64GB/dp/B0784D5J97/ref=sr_1_6?crid=12Z6JXLHIBT3E&dchild=1&keywords=honor+smartphones&qid=1605586560&refinements=p_89%3AHonor&rnid=3837712031&s=electronics&sprefix=Honor+sma%2Celectronics%2C293&sr=1-6,Honor 8C ,11999,https://m.media-amazon.com/images/I/81eQWccMY1L._AC_UY218_.jpg
B078SWHNRJ,Honor,https://www.amazon.in/Honor-9I-4Gbram-Blue-64Gb/dp/B078SWHNRJ/ref=sr_1_9?crid=12Z6JXLHIBT3E&dchild=1&keywords=honor+smartphones&qid=1605586560&refinements=p_89%3AHonor&rnid=3837712031&s=electronics&sprefix=Honor+sma%2Celectronics%2C293&sr=1-9,Honor 9i ,8999,https://m.media-amazon.com/images/I/31g5j5RUS8L._AC_UY218_.jpg
B01N5ODKWW,Honor,https://www.amazon.in/HONOR-CUN-L22-Honor-Bee-White/dp/B01N5ODKWW/ref=sr_1_10?crid=12Z6JXLHIBT3E&dchild=1&keywords=honor+smartphones&qid=1605586560&refinements=p_89%3AHonor&rnid=3837712031&s=electronics&sprefix=Honor+sma%2Celectronics%2C293&sr=1-10,Honor Bee 4G ,9821,https://m.media-amazon.com/images/I/410EQDSiRiL._AC_UY218_.jpg
B07GDGGN5N,Honor,https://www.amazon.in/Honor-Sapphire-Blue-RAM-128/dp/B07GDGGN5N/ref=sr_1_11?crid=12Z6JXLHIBT3E&dchild=1&keywords=honor+smartphones&qid=1605586560&refinements=p_89%3AHonor&rnid=3837712031&s=electronics&sprefix=Honor+sma%2Celectronics%2C293&sr=1-11,Honor 9N ,6750,https://m.media-amazon.com/images/I/81erzw8RxDL._AC_UY218_.jpg
B01MEGHPZ4,Honor,https://www.amazon.in/Honor-Holly-3-White-16GB/dp/B01MEGHPZ4/ref=sr_1_12?crid=12Z6JXLHIBT3E&dchild=1&keywords=honor+smartphones&qid=1605586560&refinements=p_89%3AHonor&rnid=3837712031&s=electronics&sprefix=Honor+sma%2Celectronics%2C293&sr=1-12,Honor Holly 3 ,10990,https://m.media-amazon.com/images/I/718eywo089L._AC_UY218_.jpg
B08H1V21HK,Lenovo,https://www.amazon.in/Lenovo-Black-Storage-4000mAh-Battery/dp/B08H1V21HK/ref=sr_1_1?crid=32G5SEL0OZI0O&dchild=1&keywords=lenovo+smartphone&qid=1605586899&refinements=p_89%3ALenovo&rnid=3837712031&s=electronics&sprefix=Lenovo+sma%2Celectronics%2C292&sr=1-1,Lenovo A7 ,8496,https://m.media-amazon.com/images/I/317jmcaI6PL._AC_UY218_.jpg
B01LZKSUXF,Lenovo,https://www.amazon.in/Lenovo-Venom-Storage-System-Update/dp/B01LZKSUXF/ref=sr_1_5?crid=32G5SEL0OZI0O&dchild=1&keywords=lenovo+smartphone&qid=1605586899&refinements=p_89%3ALenovo&rnid=3837712031&s=electronics&sprefix=Lenovo+sma%2Celectronics%2C292&sr=1-5,Lenovo K8 Note ,14989,https://m.media-amazon.com/images/I/71k02lWMTUL._AC_UY218_.jpg
B01N7IZM1H,Lenovo,https://www.amazon.in/Lenovo-K6-Note-Silver/dp/B01N7IZM1H/ref=sr_1_6?crid=32G5SEL0OZI0O&dchild=1&keywords=lenovo+smartphone&qid=1605586899&refinements=p_89%3ALenovo&rnid=3837712031&s=electronics&sprefix=Lenovo+sma%2Celectronics%2C292&sr=1-6,Lenovo K6 Note ,7999,https://m.media-amazon.com/images/I/51ceRBVTBwL._AC_UY218_.jpg
B085H7Y66P,Lenovo,https://www.amazon.in/Lenovo-K10-Plus-64-Black/dp/B085H7Y66P/ref=sr_1_7?crid=32G5SEL0OZI0O&dchild=1&keywords=lenovo+smartphone&qid=1605586899&refinements=p_89%3ALenovo&rnid=3837712031&s=electronics&sprefix=Lenovo+sma%2Celectronics%2C292&sr=1-7,Lenovo K10 Plus 4/64 Black,12800,https://m.media-amazon.com/images/I/21s-DiHAigL._AC_UY218_.jpg
B086KCDPMR,Oppo,https://www.amazon.in/Oppo-Twilight-Storage-Additional-Exchange/dp/B086KCDPMR/ref=sr_1_1?dchild=1&keywords=oppo+smartphones&qid=1605587088&refinements=p_89%3AOppo&rnid=3837712031&s=electronics&sr=1-1,Oppo A52 ,13990,https://m.media-amazon.com/images/I/71FPmXaDfbL._AC_UY218_.jpg
B08444SXZ6,Oppo,https://www.amazon.in/Oppo-Fantasy-Storage-Additional-Exchange/dp/B08444SXZ6/ref=sr_1_2?dchild=1&keywords=oppo+smartphones&qid=1605587088&refinements=p_89%3AOppo&rnid=3837712031&s=electronics&sr=1-2,Oppo A31 ,11990,https://m.media-amazon.com/images/I/61IhTtJUXJL._AC_UY218_.jpg
B07PP2K69Z,Oppo,https://www.amazon.in/Black-Storage-Additional-Exchange-Offers/dp/B07PP2K69Z/ref=sr_1_3?dchild=1&keywords=oppo+smartphones&qid=1605587088&refinements=p_89%3AOppo&rnid=3837712031&s=electronics&sr=1-3,OPPO A5S ,8990,https://m.media-amazon.com/images/I/71ZU4VsevqL._AC_UY218_.jpg
B07SDPJ4XJ,Oppo,https://www.amazon.in/Dazzling-Storage-Additional-Exchange-Offers/dp/B07SDPJ4XJ/ref=sr_1_4?dchild=1&keywords=oppo+smartphones&qid=1605587088&refinements=p_89%3AOppo&rnid=3837712031&s=electronics&sr=1-4,OPPO A5 2020 ,11990,https://m.media-amazon.com/images/I/71wPwmxo2NL._AC_UY218_.jpg
B089MTKP2P,Oppo,https://www.amazon.in/Fancy-Storage-Additional-Exchange-Offers/dp/B089MTKP2P/ref=sr_1_6?dchild=1&keywords=oppo+smartphones&qid=1605587088&refinements=p_89%3AOppo&rnid=3837712031&s=electronics&sr=1-6,OPPO A53 ,12990,https://m.media-amazon.com/images/I/71QJyXZYPuL._AC_UY218_.jpg
B086KCD5YS,Oppo,https://www.amazon.in/Stream-Storage-Additional-Exchange-Offers/dp/B086KCD5YS/ref=sr_1_8?dchild=1&keywords=oppo+smartphones&qid=1605587088&refinements=p_89%3AOppo&rnid=3837712031&s=electronics&sr=1-8,OPPO A52 ,13990,https://m.media-amazon.com/images/I/71RadpHBLhL._AC_UY218_.jpg
B086KF4FYC,Oppo,https://www.amazon.in/OPPO-Storage-Additional-Exchange-Offers/dp/B086KF4FYC/ref=sr_1_10?dchild=1&keywords=oppo+smartphones&qid=1605587088&refinements=p_89%3AOppo&rnid=3837712031&s=electronics&sr=1-10,OPPO A11K ,8490,https://m.media-amazon.com/images/I/714cFMW8okL._AC_UY218_.jpg
B089MS6FB8,Oppo,https://www.amazon.in/OPPO-Matte-128GB-Storage-Diwali/dp/B089MS6FB8/ref=sr_1_12?dchild=1&keywords=oppo+smartphones&qid=1605587088&refinements=p_89%3AOppo&rnid=3837712031&s=electronics&sr=1-12,OPPO F17 Pro ,23990,https://m.media-amazon.com/images/I/71h97ujlQVL._AC_UY218_.jpg
B08445GY29,Oppo,https://www.amazon.in/Test-TST_Exclusive1018-Exclusive-1018/dp/B08445GY29/ref=sr_1_13?dchild=1&keywords=oppo+smartphones&qid=1605587088&refinements=p_89%3AOppo&rnid=3837712031&s=electronics&sr=1-13,OPPO A15 ,9990,https://m.media-amazon.com/images/I/71y3aWvOucL._AC_UY218_.jpg
B08444XVNP,Oppo,https://www.amazon.in/Fantasy-Storage-Additional-Exchange-Offers/dp/B08444XVNP/ref=sr_1_14?dchild=1&keywords=oppo+smartphones&qid=1605587088&refinements=p_89%3AOppo&rnid=3837712031&s=electronics&sr=1-14,OPPO A31 ,12490,https://m.media-amazon.com/images/I/61IhTtJUXJL._AC_UY218_.jpg
B086KFV4L4,Oppo,https://www.amazon.in/Dynamic-Orange-Storage-Additional-Exchange/dp/B086KFV4L4/ref=sr_1_15?dchild=1&keywords=oppo+smartphones&qid=1605587088&refinements=p_89%3AOppo&rnid=3837712031&s=electronics&sr=1-15,Oppo F17 ,16990,https://m.media-amazon.com/images/I/81-xJ79cnjL._AC_UY218_.jpg
B08444X3CN,Oppo,https://www.amazon.in/OPPO-Storage-Additional-Exchange-Offers/dp/B08444X3CN/ref=sr_1_17?dchild=1&keywords=oppo+smartphones&qid=1605587088&refinements=p_89%3AOppo&rnid=3837712031&s=electronics&sr=1-17,OPPO A12 ,11490,https://m.media-amazon.com/images/I/71-nSoWl8iL._AC_UY218_.jpg
B07PTLD8P9,Oppo,https://www.amazon.in/Fluorite-Purple-Storage-Additional-Exchange/dp/B07PTLD8P9/ref=sr_1_18?dchild=1&keywords=oppo+smartphones&qid=1605587088&refinements=p_89%3AOppo&rnid=3837712031&s=electronics&sr=1-18,OPPO F11 ,14990,https://m.media-amazon.com/images/I/71qP+fMtbDL._AC_UY218_.jpg
B07X9YNV5Y,Oppo,https://www.amazon.in/Auroral-Storage-Additional-Exchange-Offers/dp/B07X9YNV5Y/ref=sr_1_21?dchild=1&keywords=oppo+smartphones&qid=1605587088&refinements=p_89%3AOppo&rnid=3837712031&s=electronics&sr=1-21,OPPO Reno3 Pro ,25990,https://m.media-amazon.com/images/I/81ufP0QaqSL._AC_UY218_.jpg
B07PSHLRJ8,Oppo,https://www.amazon.in/OPPO-Storage-Additional-Exchange-Offers/dp/B07PSHLRJ8/ref=sr_1_22?dchild=1&keywords=oppo+smartphones&qid=1605587088&refinements=p_89%3AOppo&rnid=3837712031&s=electronics&sr=1-22,OPPO A1K ,7990,https://m.media-amazon.com/images/I/71XTesfK-bL._AC_UY218_.jpg
B089MTMLDF,Oppo,https://www.amazon.in/Oppo-Electric-Storage-Additional-Exchange/dp/B089MTMLDF/ref=sr_1_25?dchild=1&keywords=oppo+smartphones&qid=1605587093&refinements=p_89%3AOppo&rnid=3837712031&s=electronics&sr=1-25,Oppo A53 ,12989,https://m.media-amazon.com/images/I/71pu5oj8MvL._AC_UY218_.jpg
B089MTKP37,Oppo,https://www.amazon.in/Starry-Storage-Additional-Exchange-Offers/dp/B089MTKP37/ref=sr_1_35?dchild=1&keywords=oppo+smartphones&qid=1605587093&refinements=p_89%3AOppo&rnid=3837712031&s=electronics&sr=1-35,OPPO Reno4 Pro ,34990,https://m.media-amazon.com/images/I/71tyIXDxvcL._AC_UY218_.jpg
B08695Z3GR,Oppo,https://www.amazon.in/Ocean-256GB-Storage-Additional-Offers/dp/B08695Z3GR/ref=sr_1_38?dchild=1&keywords=oppo+smartphones&qid=1605587093&refinements=p_89%3AOppo&rnid=3837712031&s=electronics&sr=1-38,OPPO Find X2 ,64990,https://m.media-amazon.com/images/I/919e-u5b4zL._AC_UY218_.jpg
B07XBYF7DL,Oppo,https://www.amazon.in/Reno2-Storage-Additional-Exchange-Offers/dp/B07XBYF7DL/ref=sr_1_40?dchild=1&keywords=oppo+smartphones&qid=1605587093&refinements=p_89%3AOppo&rnid=3837712031&s=electronics&sr=1-40,OPPO Reno2 F ,21990,https://m.media-amazon.com/images/I/8121-n8-ekL._AC_UY218_.jpg
B07S7DXJWT,Oppo,https://www.amazon.in/Reno2-Storage-Additional-Exchange-Offers/dp/B07S7DXJWT/ref=sr_1_44?dchild=1&keywords=oppo+smartphones&qid=1605587093&refinements=p_89%3AOppo&rnid=3837712031&s=electronics&sr=1-44,OPPO Reno2 Z ,27490,https://m.media-amazon.com/images/I/71p33agBY2L._AC_UY218_.jpg
B084457WQB,Oppo,https://www.amazon.in/Midnight-Storage-Additional-Exchange-Offers/dp/B084457WQB/ref=sr_1_45?dchild=1&keywords=oppo+smartphones&qid=1605587093&refinements=p_89%3AOppo&rnid=3837712031&s=electronics&sr=1-45,Oppo Reno3 Pro ,29990,https://m.media-amazon.com/images/I/81dxd7vkdZL._AC_UY218_.jpg
B07PTKFLJZ,Oppo,https://www.amazon.in/Aurora-Storage-Additional-Exchange-Offers/dp/B07PTKFLJZ/ref=sr_1_56?dchild=1&keywords=oppo+smartphones&qid=1605587093&refinements=p_89%3AOppo&rnid=3837712031&s=electronics&sr=1-56,OPPO F11 Pro ,13989,https://m.media-amazon.com/images/I/51EhaIIKeJL._AC_UY218_.jpg
B07HF4DSL9,Oppo,https://www.amazon.in/OPPO-Steller-Purple-Storage-Offer/dp/B07HF4DSL9/ref=sr_1_58?dchild=1&keywords=oppo+smartphones&qid=1605587093&refinements=p_89%3AOppo&rnid=3837712031&s=electronics&sr=1-58,Oppo F9 ,7499,https://m.media-amazon.com/images/I/61jlyzbxctL._AC_UY218_.jpg
B07SBJXQC7,Oppo,https://www.amazon.in/Luminous-Storage-Additional-Exchange-Offers/dp/B07SBJXQC7/ref=sr_1_68?dchild=1&keywords=oppo+smartphones&qid=1605587093&refinements=p_89%3AOppo&rnid=3837712031&s=electronics&sr=1-68,OPPO Reno2 ,8999,https://m.media-amazon.com/images/I/81kmbC6WfjL._AC_UY218_.jpg
B0843DKNWS,Oppo,https://www.amazon.in/Oppo-Lightening-Storage-Additional-Exchange/dp/B0843DKNWS/ref=sr_1_79?dchild=1&keywords=oppo+smartphones&qid=1605587093&refinements=p_89%3AOppo&rnid=3837712031&s=electronics&sr=1-79,Oppo F15 ,10617,https://m.media-amazon.com/images/I/61t0j7kafWL._AC_UY218_.jpg
B089MS6RJ3,Oppo,https://www.amazon.in/Starry-Night-128GB-Storage-Without/dp/B089MS6RJ3/ref=sr_1_107?dchild=1&keywords=oppo+smartphones&qid=1605587093&refinements=p_89%3AOppo&rnid=3837712031&s=electronics&sr=1-107,OPPO Reno 4 Pro ,10999,https://m.media-amazon.com/images/I/71IBB+UGuqL._AC_UY218_.jpg
B079VJ25DD,Oppo,https://www.amazon.in/Screen-Display-Mobile-Phone-Black/dp/B079VJ25DD/ref=sr_1_108?dchild=1&keywords=oppo+smartphones&qid=1605587093&refinements=p_89%3AOppo&rnid=3837712031&s=electronics&sr=1-108,"OPPO F5 Full Screen Display, 6 GB RAM Mobile Phone",24999,https://m.media-amazon.com/images/I/716eY9k0p9L._AC_UY218_.jpg
B078CBN95Q,Oppo,https://www.amazon.in/Oppo-F5-64GB-Storage-Offers/dp/B078CBN95Q/ref=sr_1_109?dchild=1&keywords=oppo+smartphones&qid=1605587093&refinements=p_89%3AOppo&rnid=3837712031&s=electronics&sr=1-109,Oppo F5 ,7999,https://m.media-amazon.com/images/I/61T8B4U6Z8L._AC_UY218_.jpg
